,bar,bbq,biergarten,cafe,drinking_water,fast_food,food_court,ice_cream,pub,restaurant,college,driving_school,kindergarten,language_school,library,toy_library,music_school,school,university,bicycle_parking,bicycle_repair_station,bicycle_rental,boat_rental,boat_sharing,bus_station,car_rental,car_sharing,car_wash,vehicle_inspection,charging_station,ferry_terminal,fuel,grit_bin,motorcycle_parking,parking,parking_entrance,parking_space,taxi,atm,bank,bureau_de_change,baby_hatch,clinic,dentist,doctors,hospital,nursing_home,pharmacy,social_facility,veterinary,arts_centre,brothel,casino,cinema,community_centre,fountain,gambling,nightclub,planetarium,public_bookcase,social_centre,stripclub,studio,swingerclub,theatre,animal_boarding,animal_shelter,baking_oven,bench,childcare,clock,conference_centre,courthouse,crematorium,dive_centre,embassy,fire_station,give_box,grave_yard,hunting_stand,internet_cafe,kitchen,kneipp_water_cure,marketplace,monastery,photo_booth,place_of_worship,police,post_box,post_depot,post_office,prison,public_bath,ranger_station,recycling,refugee_site,sanitary_dump_station,shelter,shower,telephone,toilets,townhall,vending_machinne,waste_basket,waste_disposal,waste_transfer_station,watering_place,water_point,trends_anual
1,8,0,0,13,2,35,0,4,3,71,0,3,0,0,0,0,0,1,1,3,0,0,0,0,1,0,0,2,0,0,0,2,0,0,49,3,0,20,9,50,0,0,2,1,0,1,0,16,4,0,3,0,0,0,1,0,0,1,0,0,0,0,0,0,0,0,0,0,0,0,2,0,0,0,0,0,0,0,0,0,0,0,0,2,0,0,9,3,0,0,5,0,0,0,0,0,0,0,0,36,7,2,0,0,0,0,0,0,26.51923076923077
2,1,0,0,2,7,4,0,0,11,11,0,0,0,0,0,0,0,2,1,0,0,0,0,0,0,0,0,2,0,0,0,2,0,0,6,0,0,6,1,1,0,0,0,1,0,1,0,1,0,0,1,0,0,0,0,0,0,0,0,0,0,0,0,0,0,0,0,0,0,0,0,0,0,0,0,0,0,0,0,0,0,0,0,0,0,0,2,1,0,0,0,0,0,0,1,0,0,1,0,0,4,0,0,0,0,0,0,0,65.13461538461539
4,16,0,0,14,1,36,1,2,8,77,1,0,0,0,1,0,0,5,1,2,0,1,0,0,0,4,0,2,0,0,0,2,0,0,57,1,1,23,1,18,1,0,5,4,0,2,0,6,1,2,2,0,0,1,0,1,0,8,0,0,0,0,1,0,7,0,0,0,0,0,0,1,2,0,0,0,1,0,0,0,1,0,0,2,0,0,2,2,0,0,2,0,0,0,0,0,0,0,0,0,2,0,0,0,0,0,0,0,60.59615384615385
5,4,0,0,3,0,13,0,0,4,38,0,0,1,1,0,0,0,7,1,4,0,0,0,0,0,0,0,0,0,0,0,5,0,1,30,3,0,13,1,17,0,0,5,1,1,1,0,9,1,1,1,0,0,0,0,0,0,4,0,0,0,0,0,0,7,0,0,0,0,0,0,0,0,0,0,0,0,0,0,0,0,0,0,0,0,0,6,1,0,0,3,0,0,0,2,0,0,0,0,4,1,0,0,0,0,0,0,0,43.88461538461539
6,9,0,0,3,2,14,0,2,6,41,1,0,0,0,0,0,0,6,1,3,0,0,0,0,0,0,0,7,0,0,0,10,0,0,1,2,0,6,1,17,0,0,1,7,0,1,0,18,0,2,0,0,0,0,0,0,0,0,0,0,0,0,0,0,0,0,0,0,0,0,1,0,0,0,0,0,1,0,0,0,0,0,0,3,0,0,6,1,0,0,3,0,0,0,0,0,0,1,0,10,1,0,0,37,0,0,0,0,50.30769230769231
7,8,0,0,2,1,18,0,0,1,13,0,0,1,0,1,0,0,4,0,1,0,0,0,0,3,1,0,0,0,0,0,3,0,0,5,1,0,16,0,3,0,0,2,4,0,0,0,6,0,1,0,0,0,1,0,0,0,2,0,0,0,0,1,0,1,0,0,0,2,0,0,0,2,0,0,0,1,0,0,0,0,0,0,2,0,0,3,1,0,0,0,0,0,0,2,0,0,0,0,3,2,1,0,0,1,0,0,0,73.6923076923077
8,4,0,0,2,0,13,0,0,16,19,0,0,0,0,1,0,1,0,1,0,0,0,0,0,1,0,0,5,0,0,0,4,0,0,20,2,0,8,0,6,0,0,1,0,0,1,0,4,0,0,0,0,0,0,2,0,0,0,0,0,0,0,0,0,2,0,0,0,4,0,0,0,0,0,0,0,0,0,0,0,0,0,0,0,0,0,7,1,0,0,2,0,0,0,1,0,0,0,0,2,1,0,0,0,0,0,0,0,69.90384615384616
9,3,0,0,1,0,29,0,2,25,34,1,1,0,2,1,0,0,3,0,0,0,2,0,0,2,0,0,7,0,1,0,1,0,2,13,9,0,14,8,0,1,0,2,3,0,2,0,6,0,4,0,1,1,0,0,0,0,0,0,0,0,0,0,0,0,0,0,0,1,0,0,0,0,0,0,0,0,0,0,0,0,0,0,1,0,0,3,4,0,0,1,2,0,0,1,0,0,3,2,6,7,1,0,0,0,0,0,1,33.76923076923077
10,0,0,0,1,0,4,0,0,1,8,1,0,0,0,0,0,0,3,0,0,0,0,0,0,0,0,0,1,0,0,0,10,0,0,2,1,0,3,0,2,0,0,1,0,1,0,0,1,0,0,0,0,0,1,0,0,0,0,0,0,0,0,0,0,0,0,0,0,0,0,0,0,0,0,0,0,0,0,0,0,0,0,0,1,0,0,6,1,0,0,0,0,0,0,1,0,0,0,0,5,0,0,0,0,0,0,0,0,32.55769230769231
11,2,0,0,18,2,15,0,2,1,28,0,0,2,0,1,0,0,7,0,1,0,1,0,0,0,0,0,0,1,0,0,9,0,0,14,9,0,6,4,10,0,0,0,1,2,0,0,11,1,0,2,0,0,2,1,1,0,0,0,1,0,0,0,0,2,0,0,0,1,0,0,0,0,0,0,0,0,0,1,0,0,0,0,0,0,0,3,0,1,0,2,0,0,0,1,0,0,0,0,0,3,1,0,0,0,1,0,0,72.71153846153847
12,3,0,0,3,0,50,0,0,73,72,0,1,0,0,0,0,0,6,0,2,0,0,0,0,1,0,0,4,0,0,0,8,0,1,92,21,4,18,1,12,0,0,2,3,0,0,0,7,2,1,0,0,0,0,0,0,0,1,0,0,2,0,0,0,1,0,0,0,5,1,0,0,0,0,0,0,0,0,0,0,0,0,0,5,1,0,12,3,0,0,1,0,0,0,1,0,0,0,0,2,2,1,0,0,0,0,0,0,34.73076923076923
13,2,0,0,2,0,12,0,1,10,11,0,0,1,0,0,0,0,3,0,0,0,3,0,0,0,0,0,3,0,0,0,5,0,0,4,1,0,16,1,7,0,0,0,6,1,3,0,9,0,2,1,0,0,0,0,1,0,1,0,0,0,0,0,0,0,0,0,0,1,0,0,0,0,0,0,0,0,0,0,0,0,0,0,0,0,0,7,2,0,0,4,0,0,0,0,0,0,0,0,2,0,0,0,0,0,0,0,0,41.05769230769231
14,62,0,1,39,0,90,0,5,24,192,2,1,1,1,5,0,1,9,0,23,1,31,0,0,1,1,0,10,0,0,0,12,0,0,119,10,5,80,4,24,0,0,3,9,0,2,0,27,0,2,5,0,0,1,1,1,0,3,0,0,0,0,1,0,3,0,0,0,6,4,1,0,0,0,0,0,1,0,0,0,0,0,0,0,0,0,7,0,2,0,4,0,0,0,1,0,0,0,0,15,3,0,0,0,0,0,0,0,75.59615384615384
15,7,0,0,21,1,15,0,0,4,64,0,0,0,1,1,0,0,2,0,13,0,56,0,0,0,0,0,1,0,1,0,4,0,0,17,9,0,18,0,32,0,0,3,0,4,0,0,13,0,0,0,0,0,3,0,5,0,1,0,0,0,0,0,0,4,0,0,0,3,0,0,0,0,0,0,0,0,0,0,0,3,0,0,0,0,0,0,1,0,0,0,0,0,0,0,0,0,0,0,1,7,0,0,6,0,0,0,0,59.28846153846154
16,4,0,0,13,0,32,0,2,15,34,3,3,0,1,0,0,1,10,2,5,0,3,0,0,0,0,0,6,0,0,0,10,0,0,8,4,0,12,0,19,0,0,6,4,3,2,0,22,2,3,1,0,0,1,0,0,0,0,0,0,0,0,0,0,1,2,0,0,0,1,1,0,0,0,0,0,0,0,0,0,0,0,0,2,0,0,5,1,0,0,3,0,0,0,2,0,0,0,0,0,0,0,0,0,1,0,0,0,51.78846153846154
17,2,0,0,2,0,8,0,1,1,9,0,0,0,1,2,0,0,3,1,2,0,0,0,0,3,0,0,2,0,0,0,7,0,0,3,3,0,4,0,9,0,0,0,1,1,2,0,4,0,1,0,0,0,0,0,3,0,0,0,0,0,0,0,0,0,0,0,0,0,0,1,0,0,0,0,0,0,0,0,0,0,0,0,0,0,0,4,2,0,0,1,0,0,0,0,0,0,0,0,4,1,0,0,0,0,0,0,1,38.15384615384615
19,2,0,0,0,0,11,0,1,29,8,0,0,0,0,0,0,0,1,0,1,0,0,0,0,0,0,0,6,0,0,0,0,0,0,5,3,0,3,0,2,0,0,1,8,0,0,0,5,0,0,0,0,0,0,0,0,0,0,0,0,0,0,0,0,0,0,0,0,6,0,0,0,0,0,0,0,0,0,0,0,0,0,0,0,0,0,2,0,0,0,0,0,0,0,1,0,0,0,0,0,1,0,0,0,0,0,0,0,72.92307692307692
20,0,0,0,1,0,10,0,0,6,9,0,0,0,1,0,0,0,2,1,0,0,0,0,0,0,0,0,2,0,0,0,3,0,0,3,1,0,5,0,4,0,0,2,1,0,1,0,7,0,3,0,0,0,0,0,0,0,0,0,0,0,0,0,0,0,0,0,0,0,0,0,0,0,0,0,0,0,0,0,0,0,0,0,0,0,0,2,0,0,0,1,0,0,0,0,0,0,1,0,3,0,0,0,0,0,0,0,0,26.26923076923077
21,0,0,0,0,0,4,0,0,0,1,0,0,0,0,0,0,0,3,0,0,0,0,0,0,0,0,0,0,0,0,0,1,0,0,1,0,0,1,0,0,0,0,1,0,0,1,0,0,0,0,0,0,0,0,0,0,0,0,0,0,0,0,0,0,0,0,0,0,0,0,0,0,0,0,0,0,0,0,0,0,0,0,0,0,0,0,2,1,0,0,0,0,0,0,0,0,0,0,0,0,0,0,0,0,0,0,0,0,52.51923076923077
22,0,0,0,0,0,0,0,0,0,1,0,0,0,0,2,0,0,3,0,0,0,0,0,0,0,0,0,0,0,0,0,0,0,0,0,0,0,0,0,5,0,0,1,0,0,1,0,1,0,0,0,0,0,0,0,0,0,0,0,0,0,0,0,0,0,0,0,0,0,0,0,0,0,0,0,0,0,0,0,0,0,0,0,0,0,0,3,2,0,0,0,0,0,0,0,0,0,0,0,0,0,0,0,0,0,0,0,0,65.67307692307692
23,15,0,0,5,0,11,0,1,6,36,2,0,0,0,0,0,0,1,0,7,0,15,0,0,1,0,0,0,0,0,0,2,0,1,5,1,1,28,0,4,1,0,1,0,0,0,0,7,1,3,1,0,0,2,0,0,0,3,0,1,0,0,3,0,4,0,0,0,0,0,1,0,1,0,0,0,0,0,0,0,0,0,0,2,0,0,3,0,0,0,0,0,0,0,1,0,0,2,1,2,5,0,0,0,0,0,0,0,52.05769230769231
24,0,0,0,2,0,1,0,0,0,3,0,0,2,0,0,0,0,6,0,0,0,0,0,0,1,0,0,0,0,0,1,0,0,0,2,0,0,0,0,0,0,0,6,0,0,1,0,0,4,0,0,0,0,0,0,0,0,0,0,0,0,0,0,0,0,0,0,0,11,1,0,0,0,0,0,0,0,0,0,0,0,0,0,0,0,0,16,0,0,0,0,0,0,0,0,0,0,0,0,1,0,1,0,0,0,0,0,1,31.846153846153847
25,2,0,0,0,0,3,0,0,0,3,0,0,0,0,1,0,0,2,0,0,0,0,0,0,0,0,0,0,0,0,0,1,0,0,0,0,0,0,1,5,0,0,0,0,1,0,0,2,0,1,0,0,0,0,0,0,0,0,0,0,0,0,0,0,0,0,0,0,0,0,3,0,0,0,0,0,1,0,0,0,0,0,0,0,0,0,3,0,0,0,1,0,0,0,1,0,0,1,0,0,0,0,0,0,0,0,0,0,32.59615384615385
26,4,0,0,11,0,10,1,1,2,27,1,0,0,0,0,0,0,0,0,1,0,0,0,0,0,7,0,3,0,0,0,11,0,0,5,6,0,12,0,18,1,0,1,1,3,0,0,6,0,1,1,0,0,0,1,0,0,0,0,0,0,0,0,0,0,0,0,0,0,0,4,0,0,0,0,0,0,0,0,0,0,0,0,0,0,0,4,2,0,0,2,0,0,0,0,0,0,0,0,6,0,0,0,0,0,0,0,0,48.59615384615385
27,1,0,0,0,0,2,0,0,2,4,0,0,0,0,2,0,0,7,0,0,0,0,0,0,1,1,0,2,0,0,0,3,0,0,1,5,0,3,0,2,0,0,0,0,1,0,0,3,0,1,0,0,0,0,0,0,0,0,0,0,0,0,1,0,0,0,0,0,1,0,0,0,1,0,0,0,0,0,0,0,0,0,0,0,0,0,2,0,0,0,1,0,0,0,0,0,0,0,0,2,0,0,0,0,0,0,0,0,54.42307692307692
28,0,0,0,0,0,1,0,0,4,2,0,0,0,0,0,0,0,2,0,0,0,0,0,0,0,0,0,0,0,0,0,3,0,0,1,0,0,1,1,1,0,0,0,2,0,0,0,5,1,0,0,0,0,0,0,0,0,0,0,0,0,0,0,0,0,0,0,0,19,0,0,0,0,0,0,0,0,0,0,0,0,0,0,0,0,0,4,0,0,0,0,0,0,0,0,0,0,0,0,3,0,0,0,0,0,0,0,0,48.73076923076923
29,5,0,0,5,3,17,0,4,5,19,2,0,0,1,0,0,0,0,1,1,0,2,0,0,0,1,0,2,0,0,0,9,0,0,12,3,0,11,4,10,2,0,3,2,0,0,0,6,0,0,0,0,0,1,0,0,0,0,0,0,0,0,1,0,3,0,0,0,3,1,0,0,0,0,0,0,1,0,0,0,0,0,0,0,0,0,5,1,0,0,1,0,0,0,0,0,0,0,0,3,1,0,0,0,0,0,0,0,20.057692307692307
30,0,2,0,0,0,0,0,0,1,2,0,0,0,1,0,0,0,2,0,0,0,0,0,0,0,0,0,2,0,0,0,1,0,0,0,0,0,2,0,3,0,0,1,0,0,1,0,4,0,0,0,0,0,0,1,0,0,0,0,0,0,0,0,0,0,0,0,0,0,0,0,0,0,0,0,0,0,0,0,0,0,0,0,1,0,0,4,3,1,0,1,0,0,0,0,0,0,0,1,0,0,0,0,0,0,0,0,0,72.40384615384616
31,0,0,0,0,0,2,0,0,0,0,0,0,0,0,1,0,0,2,0,0,0,0,0,0,0,0,0,0,0,0,0,6,0,0,0,0,0,0,0,2,0,0,2,1,0,0,0,0,0,0,0,0,0,0,0,0,0,0,0,0,0,0,0,0,0,0,0,0,0,0,0,0,0,0,0,0,0,0,0,0,0,0,0,0,0,0,1,1,0,0,0,0,0,0,0,0,0,0,0,0,0,0,0,0,0,0,0,0,43.05769230769231
32,0,1,0,0,0,1,0,0,1,4,0,0,0,0,0,0,0,1,0,0,0,0,0,0,0,0,0,0,0,1,0,5,0,0,2,0,0,0,1,5,0,0,0,0,0,0,0,1,0,0,0,0,0,0,0,0,0,0,0,0,0,0,0,0,0,0,0,0,0,0,0,0,0,0,0,0,0,0,0,0,0,0,0,0,0,0,7,0,0,0,0,0,0,0,0,0,0,0,0,0,2,0,0,0,0,0,0,0,71.71153846153847
33,0,0,1,2,0,8,0,0,0,12,0,0,0,0,1,0,0,5,0,1,0,0,0,0,0,0,0,3,0,0,0,4,0,0,6,9,0,1,2,13,0,0,1,1,1,1,0,9,0,0,1,0,0,1,0,0,0,0,0,0,0,0,1,0,1,0,0,0,10,0,0,0,0,0,0,0,0,0,0,0,0,0,0,1,0,0,4,0,0,0,0,0,0,0,1,0,0,0,0,0,4,0,0,0,0,0,0,0,70.57692307692308
34,0,0,0,0,0,4,0,0,4,13,0,0,0,1,0,0,0,2,0,1,0,0,0,0,1,0,0,0,0,0,0,3,0,0,1,7,0,10,1,26,0,0,3,0,1,0,0,12,0,0,0,0,0,0,0,1,0,0,0,0,0,0,0,0,0,0,0,0,0,0,2,0,0,0,0,0,0,0,0,0,0,0,0,0,0,0,13,1,0,0,3,0,0,0,3,0,0,0,0,7,2,0,0,0,0,0,0,0,38.94230769230769
35,6,0,0,13,10,21,0,1,2,40,1,0,0,1,1,0,0,6,0,39,0,6,0,0,0,0,0,1,0,0,0,10,0,0,9,3,0,7,0,13,0,0,9,2,1,1,0,12,0,2,1,0,0,0,0,1,0,0,0,0,0,0,0,0,2,0,0,0,9,0,2,0,0,0,0,0,0,0,0,0,0,0,0,0,0,0,4,1,0,0,3,0,0,0,0,0,0,0,0,0,5,0,0,0,0,0,0,0,76.78846153846153
36,0,0,0,0,0,1,0,0,0,3,0,0,1,0,0,0,0,0,0,0,0,0,0,0,1,0,0,0,0,0,0,2,0,0,0,0,0,0,0,0,0,0,1,0,0,0,0,0,0,0,2,0,0,1,1,0,0,0,0,0,0,0,0,0,0,0,0,0,4,0,0,0,0,0,0,0,0,0,0,0,0,0,0,0,0,0,3,0,0,0,0,0,0,0,0,0,0,2,0,0,0,0,0,2,0,0,0,0,67.51923076923077
37,1,0,0,0,1,3,0,0,2,4,0,0,0,0,0,0,0,4,0,0,0,0,0,0,1,0,0,2,0,0,0,3,0,0,4,0,0,4,1,1,0,0,1,2,0,0,0,2,0,1,1,0,0,0,0,0,0,0,0,0,0,0,0,0,0,0,0,0,4,0,0,0,0,0,0,0,1,0,0,0,0,0,0,0,0,0,10,0,0,0,0,0,0,0,0,0,0,0,0,0,2,0,0,0,0,0,0,0,55.53846153846154
39,1,0,0,0,0,1,0,0,1,1,0,1,0,0,1,0,0,1,0,0,0,0,0,0,0,0,0,0,0,0,0,0,0,0,2,0,0,2,0,1,0,0,0,0,0,0,0,2,0,0,1,0,0,0,0,0,0,0,0,0,0,0,0,0,0,0,0,0,2,0,0,0,0,0,0,0,0,0,0,0,0,0,0,0,0,0,2,0,0,0,0,0,0,0,0,0,0,0,0,0,0,0,0,0,0,0,0,0,13.51923076923077
40,0,0,0,0,0,0,0,0,1,0,0,0,0,0,0,0,0,2,0,0,0,0,0,0,0,0,0,0,0,0,0,1,0,0,2,0,0,0,0,0,0,0,0,0,0,0,0,3,0,1,0,0,0,0,0,0,0,0,0,0,0,0,0,0,0,0,0,0,0,0,0,0,0,0,0,0,0,0,0,0,0,0,0,0,0,0,3,1,0,0,0,0,0,0,0,0,0,0,0,0,0,0,0,0,0,0,0,0,11.365384615384615
41,0,0,0,0,0,0,0,0,0,1,0,0,0,0,0,0,0,0,0,0,0,0,0,0,0,0,0,0,0,0,0,0,0,0,0,0,0,0,0,1,0,0,0,0,0,0,0,4,0,1,0,0,0,0,0,0,0,0,0,0,0,0,0,0,0,0,0,0,0,0,0,0,0,0,0,0,0,0,0,0,0,0,0,0,0,0,1,1,0,0,0,0,0,0,0,0,0,0,0,0,0,0,0,0,0,0,0,0,28.01923076923077
42,0,0,0,0,0,2,0,0,0,2,0,0,0,0,0,0,0,10,0,0,0,0,0,0,0,0,0,0,0,0,0,4,0,0,0,1,0,0,0,6,0,0,3,0,0,0,0,3,0,0,0,0,0,0,0,0,0,0,0,0,0,0,0,0,0,0,0,0,0,0,0,0,0,0,0,0,0,0,0,0,0,0,0,0,0,0,19,2,0,0,1,0,0,0,0,0,0,0,0,2,0,0,0,0,0,0,0,0,27.46153846153846
43,0,0,0,0,0,0,0,1,4,0,0,0,0,0,1,0,0,0,0,0,0,0,0,0,1,0,0,0,0,0,0,1,0,0,1,2,0,0,0,2,0,0,1,0,0,0,0,1,0,0,0,0,0,0,0,0,0,0,0,0,0,0,0,0,0,0,0,0,0,0,0,0,0,0,0,0,0,0,0,0,0,0,0,0,0,0,2,0,0,0,0,0,0,0,0,0,0,0,0,0,0,0,0,0,0,0,0,0,29.865384615384617
44,0,0,0,0,0,0,0,0,0,0,0,0,1,0,0,0,0,2,0,0,0,0,0,0,0,0,0,1,0,0,0,2,0,0,0,0,0,0,0,0,0,0,1,0,0,0,0,0,0,0,0,0,0,0,0,0,0,0,0,0,0,0,0,0,0,0,0,0,3,0,0,0,0,0,0,0,0,0,0,0,0,0,0,0,0,0,2,0,0,0,0,0,0,0,0,0,0,0,0,0,0,0,0,0,0,0,0,0,51.11538461538461
45,0,0,0,0,3,2,0,0,0,0,0,0,0,0,2,0,0,3,0,0,0,0,0,0,1,0,0,0,0,0,0,1,0,0,2,1,0,2,0,0,0,0,1,0,0,1,0,1,0,0,0,0,0,0,0,0,0,0,0,0,0,0,0,0,2,0,0,0,11,0,0,0,0,0,0,0,0,0,0,0,0,0,0,0,0,0,1,1,0,0,0,0,0,0,0,0,0,5,0,2,4,0,0,2,0,0,0,0,16.615384615384617
46,0,0,0,0,0,0,0,0,0,2,0,0,0,0,0,0,0,5,0,0,0,0,0,0,5,0,0,1,0,0,0,1,0,0,0,0,0,0,3,1,0,0,5,0,0,0,0,2,0,1,3,0,0,0,0,0,0,0,0,0,0,0,0,0,1,0,0,0,5,1,0,0,0,0,0,0,0,0,0,0,0,0,0,1,0,0,2,2,0,0,0,0,0,0,0,0,0,1,0,0,0,0,0,1,2,0,0,0,55.21153846153846
47,2,0,0,4,0,1,0,0,0,2,1,0,0,0,0,0,0,1,0,0,0,0,0,0,0,0,0,0,0,0,0,5,0,0,0,0,0,0,0,4,0,0,0,1,0,0,0,1,0,1,0,0,0,0,0,0,0,0,0,0,0,0,0,0,1,0,0,0,3,0,0,0,0,0,0,0,0,0,0,0,0,0,0,0,0,0,7,0,0,0,0,0,0,0,0,0,0,0,0,0,0,0,0,0,0,0,0,0,61.28846153846154
48,1,0,0,0,0,0,0,0,0,1,0,0,0,0,0,0,0,0,0,0,0,0,0,0,0,1,0,0,0,0,0,0,0,0,0,0,0,0,0,1,0,0,0,0,0,0,0,0,0,0,0,0,0,0,0,0,0,0,0,0,0,0,0,0,0,0,0,0,0,0,0,0,0,0,0,0,0,0,0,0,0,0,0,0,0,0,3,1,0,0,0,0,0,0,0,0,0,0,0,0,0,0,0,0,0,0,0,0,39.61538461538461
49,0,0,0,0,0,1,0,0,0,0,0,0,0,0,0,0,0,0,0,0,0,0,0,0,0,0,0,0,0,0,0,0,0,0,0,0,0,0,0,0,0,0,1,0,0,0,0,0,0,0,0,0,0,1,0,0,0,0,0,0,0,0,0,0,1,0,0,0,0,0,0,0,0,0,0,0,0,0,0,0,0,0,0,0,0,0,0,0,0,0,1,0,0,0,0,0,0,0,0,0,0,0,0,0,0,0,0,0,70.15384615384616
50,3,0,0,2,0,7,0,0,6,15,0,2,0,0,1,0,0,1,0,5,3,2,0,0,0,0,0,3,0,0,0,3,0,0,4,2,0,7,2,1,0,0,2,1,0,0,0,6,0,1,1,0,0,0,2,0,0,0,0,0,0,0,0,0,0,0,0,0,11,0,1,0,0,0,0,0,0,0,0,0,0,0,0,2,0,0,3,1,1,0,3,0,0,0,1,0,0,1,0,10,1,0,0,6,16,0,0,0,60.71153846153846
51,0,0,0,3,0,9,0,0,6,6,1,0,0,0,3,0,0,3,0,2,0,0,0,0,1,0,0,0,0,0,0,3,0,0,9,2,0,2,2,8,0,0,2,1,0,0,0,5,0,0,0,0,0,0,0,0,0,0,0,0,0,0,0,0,0,0,0,0,0,0,0,0,0,0,0,0,0,0,0,0,0,0,0,0,0,0,0,0,0,0,1,0,0,0,0,0,0,0,0,0,0,0,0,0,0,0,0,0,69.86538461538461
52,0,0,0,0,0,1,0,1,0,2,0,0,0,0,0,0,0,0,0,2,0,0,0,0,0,0,0,1,0,0,0,1,0,0,0,0,0,0,0,0,0,0,0,0,1,0,0,3,0,0,0,0,0,0,0,0,0,0,1,0,0,0,0,0,0,0,0,0,0,2,0,0,0,0,0,0,0,0,0,0,0,0,0,0,0,0,0,2,0,0,0,0,0,0,0,0,0,0,0,0,1,0,0,0,0,0,0,0,24.557692307692307
53,0,0,0,0,0,1,0,1,0,2,0,0,0,0,0,0,0,0,0,2,0,0,0,0,0,0,0,1,0,0,0,1,0,0,0,0,0,0,0,0,0,0,0,0,1,0,0,3,0,0,0,0,0,0,0,0,0,0,1,0,0,0,0,0,0,0,0,0,0,2,0,0,0,0,0,0,0,0,0,0,0,0,0,0,0,0,0,2,0,0,0,0,0,0,0,0,0,0,0,0,1,0,0,0,0,0,0,0,22.21153846153846
56,0,0,0,0,2,2,0,0,1,7,0,0,0,1,1,0,0,0,0,2,0,0,0,0,1,0,0,3,0,0,0,3,0,1,3,2,0,1,0,3,0,0,1,1,0,0,0,2,0,1,1,0,0,0,0,0,0,1,0,0,0,0,0,0,0,0,0,0,3,0,0,0,0,0,0,0,0,0,0,0,0,0,0,0,0,0,4,1,0,0,0,0,0,0,0,0,0,0,0,0,1,0,0,0,0,0,0,0,42.48076923076923
58,0,0,0,0,0,0,0,0,0,0,0,0,0,0,1,0,0,0,0,0,0,0,0,0,1,0,0,0,0,0,0,0,0,0,0,0,0,0,0,0,0,0,0,0,0,0,0,0,0,0,0,0,0,0,0,0,0,0,0,0,0,0,0,0,0,0,0,0,0,0,0,0,0,0,0,0,0,0,0,0,0,0,0,0,0,0,1,0,0,0,0,0,0,0,0,0,0,0,0,0,0,0,0,0,0,0,0,0,48.98076923076923
62,6,0,0,3,0,0,0,0,1,7,0,0,0,0,1,0,0,2,0,1,0,0,0,0,1,0,0,0,0,0,0,1,0,0,0,0,0,0,0,6,0,0,2,0,0,2,0,7,0,0,0,0,0,0,0,1,0,0,0,0,0,0,0,0,0,0,0,0,0,0,0,0,0,0,0,0,0,0,0,0,0,0,0,0,0,0,2,2,0,0,0,0,0,0,1,0,0,0,0,0,2,0,0,0,0,0,0,0,41.80769230769231
63,1,0,0,0,0,0,0,0,1,2,0,0,1,0,0,0,0,2,0,0,0,0,0,0,1,0,0,1,0,0,0,3,0,0,0,0,0,0,1,1,0,0,0,0,0,0,0,1,0,0,0,0,0,0,0,0,0,0,0,0,0,0,0,0,0,0,0,0,0,0,0,0,0,0,0,0,0,0,0,0,0,0,0,0,0,0,0,0,0,0,0,0,0,0,0,0,0,0,0,0,0,0,0,0,0,0,0,0,15.173076923076923
65,0,0,0,0,0,0,0,0,0,0,0,0,0,0,1,0,0,2,0,0,0,0,0,0,0,0,0,0,0,0,0,0,0,0,1,0,0,0,0,0,0,0,0,0,0,0,0,0,0,1,0,0,0,0,0,0,0,0,0,0,0,0,0,0,0,0,0,0,0,0,0,0,0,0,0,0,0,0,0,0,0,0,0,0,0,0,1,0,0,0,0,0,0,0,0,0,0,0,0,0,1,0,0,0,0,0,0,0,51.84615384615385
69,0,0,0,0,0,1,0,0,1,1,0,0,0,0,0,0,0,2,0,0,0,0,0,0,0,0,0,1,0,0,0,0,0,0,1,0,0,0,1,2,0,0,1,1,0,0,0,0,0,0,0,0,0,0,0,0,0,0,0,0,0,0,0,0,0,0,0,0,1,0,0,0,0,0,0,0,0,0,0,0,0,0,0,0,0,0,2,0,0,0,0,0,0,0,0,0,0,0,0,0,0,0,0,0,0,0,0,0,21.192307692307693
70,0,0,0,0,0,0,0,0,0,0,0,0,0,0,1,0,0,1,0,0,0,0,0,0,0,0,0,0,0,0,0,0,0,0,0,0,0,0,0,0,0,0,0,0,0,0,0,1,0,0,0,0,0,0,0,0,0,0,0,0,0,0,0,0,0,0,0,0,0,0,0,0,0,0,0,0,0,0,0,0,0,0,0,0,0,0,4,1,0,0,0,0,0,0,0,0,0,0,0,0,0,0,0,0,0,0,0,0,37.46153846153846
73,1,0,0,0,0,5,0,0,5,2,0,0,0,0,1,0,0,1,0,0,0,0,0,0,0,0,0,1,0,0,0,3,0,0,5,1,0,0,0,1,0,0,4,0,0,0,0,3,0,1,0,0,0,0,0,0,0,0,0,0,0,0,0,0,0,0,0,0,1,0,0,0,0,0,0,0,0,0,0,0,0,0,0,2,0,0,5,0,0,0,0,0,0,0,1,0,0,0,0,0,0,1,0,0,0,0,0,0,43.05769230769231
77,12,0,0,8,0,11,0,2,5,40,0,1,0,0,1,0,0,2,0,1,1,5,0,0,1,0,0,0,0,0,0,2,0,0,39,3,0,13,2,14,0,0,3,0,1,2,0,8,0,0,2,0,0,0,0,0,0,2,0,0,0,0,0,0,2,0,0,0,0,1,0,0,0,0,0,0,0,0,0,0,0,0,0,0,0,0,4,2,0,0,3,0,0,0,0,0,0,0,0,1,0,0,0,0,0,0,0,0,47.26923076923077
78,22,0,0,61,3,67,0,7,12,252,3,0,0,4,1,0,0,14,6,17,0,13,0,0,0,0,0,1,0,0,0,7,0,0,75,1,3,57,2,82,2,0,6,4,1,3,0,37,0,1,2,0,0,5,0,2,0,0,0,0,0,0,2,0,6,0,0,0,3,0,0,0,3,0,0,0,0,0,0,0,0,0,0,1,0,0,3,2,0,0,7,0,1,0,0,0,0,0,0,3,2,0,0,1,0,0,0,0,67.5
81,8,0,0,0,1,7,0,0,11,9,0,1,0,0,0,0,0,2,0,0,0,0,0,0,0,0,0,3,0,0,0,1,0,0,8,1,1,3,0,4,0,0,1,1,0,1,0,1,0,0,0,0,0,0,0,0,0,0,0,0,0,0,0,0,0,0,0,0,0,0,0,0,0,0,0,0,1,0,0,0,0,0,0,0,0,0,2,0,0,0,0,0,0,0,0,0,0,0,0,2,0,0,0,0,0,0,0,0,76.34615384615384
89,0,0,0,2,1,9,0,1,1,9,0,1,0,0,1,0,0,5,1,0,0,0,0,0,0,0,0,3,0,0,0,2,0,0,2,0,0,0,0,6,0,0,1,1,0,0,0,8,0,0,1,0,0,0,0,0,0,0,0,0,0,0,1,0,0,0,0,0,2,1,0,0,0,0,0,0,0,0,0,0,0,0,0,1,0,0,0,0,0,0,0,0,0,0,0,0,0,0,0,0,1,0,0,9,0,0,0,0,17.096153846153847
90,0,0,0,0,0,1,0,1,11,3,0,1,0,0,0,0,0,1,0,0,0,0,0,0,0,0,0,8,0,0,0,1,0,0,0,1,0,3,2,0,0,0,1,1,0,0,0,0,0,1,0,0,0,0,0,0,0,0,0,0,0,0,0,0,0,0,0,0,0,0,0,0,0,0,0,0,0,0,0,0,0,0,0,0,0,0,0,1,0,0,1,0,0,0,0,0,0,0,0,2,1,0,0,0,0,0,0,0,34.76923076923077
91,0,0,0,1,0,0,0,0,4,4,2,0,0,0,0,0,0,1,1,0,0,0,0,0,0,0,0,2,0,0,0,2,0,0,0,0,0,4,0,0,0,0,1,0,0,0,0,1,0,0,0,0,0,0,0,0,0,1,0,0,0,0,0,0,0,0,0,0,0,0,0,0,0,0,0,0,0,0,0,0,0,0,0,0,0,0,0,1,0,0,0,2,0,0,0,0,0,0,0,0,0,0,0,0,0,0,0,0,55.67307692307692
92,0,0,0,0,0,8,0,3,1,9,0,2,0,1,0,0,1,10,0,0,1,0,0,0,0,0,0,0,0,0,0,3,0,0,2,1,0,0,0,4,0,0,12,7,1,0,0,8,0,0,11,0,0,0,1,0,0,1,0,0,0,0,0,0,0,0,0,0,0,0,0,0,0,0,0,0,0,0,0,0,0,0,0,0,0,0,3,2,1,0,0,0,0,0,0,0,0,0,0,0,0,0,0,4,3,0,0,0,13.576923076923077
96,13,0,0,12,0,16,0,0,2,50,1,1,2,0,1,0,0,3,1,0,0,19,0,0,0,0,0,1,0,0,0,7,0,0,4,1,0,8,1,18,1,0,1,1,0,0,0,7,0,0,1,0,0,0,1,0,0,0,0,0,0,0,0,0,0,0,0,0,0,0,0,0,0,0,0,0,1,0,0,0,0,0,0,1,0,0,1,0,0,0,1,0,0,0,1,0,0,0,0,0,2,0,0,4,0,0,0,0,33.32692307692308
97,1,1,0,0,0,0,0,0,0,0,0,0,0,0,0,0,0,9,0,0,0,0,0,0,0,0,0,0,0,0,0,1,0,0,0,1,0,0,0,0,0,0,4,0,0,0,0,0,0,0,0,0,0,0,0,0,0,0,0,0,0,0,0,0,0,0,0,0,0,0,0,0,0,0,0,0,0,0,0,0,0,0,0,0,0,0,21,1,0,0,0,0,0,0,0,0,0,0,0,3,0,0,0,0,0,0,0,0,16.96153846153846
99,0,0,1,0,0,1,0,1,0,4,0,0,1,0,0,0,0,0,0,0,0,0,0,0,0,0,0,1,0,0,0,6,0,0,0,1,0,0,0,3,0,0,1,1,0,1,0,3,0,0,0,0,0,0,0,0,0,0,0,0,0,0,0,0,0,0,0,0,3,0,0,0,2,0,0,0,0,0,0,0,0,0,0,0,0,0,1,0,0,0,0,0,0,0,0,0,0,0,0,0,0,0,0,0,0,0,0,0,58.15384615384615
102,0,0,0,0,0,3,0,0,0,3,0,0,0,0,1,0,0,3,0,0,0,0,0,0,0,0,0,0,0,0,0,4,0,0,1,5,0,0,0,3,0,0,0,0,0,0,0,1,0,0,0,0,0,0,0,0,0,0,0,0,0,0,0,0,0,0,0,0,0,0,0,0,0,0,0,0,1,0,0,0,0,0,0,0,0,0,0,0,0,0,0,0,0,0,0,0,0,0,0,0,0,0,0,0,0,0,0,0,76.21153846153847
